,Company,Year,Number of Records Affected,Organization Type,Reasons for Breach,Reference Link(s)
1,21st Century Oncology,2016,2200000.0,['healthcare'],['hacked'],"[['http://cbs12.com/news/local/21st-century-oncology-notifies-22-million-of-hacking-data-breach'], ['http://www.natlawreview.com/article/oh-no-not-again-chalk-yet-another-health-data-breach']]"
2,500px,2020,14870304.0,['social networking'],['hacked'],[['https://www.theregister.co.uk/2019/02/11/620_million_hacked_accounts_dark_web/']]
3,Accendo Insurance Co.,2020,175350.0,['healthcare'],['poor security'],"[['https://www.prnewswire.com/news-releases/accendo-insurance-company-addresses-patient-information-issue-124488298.html'], ['http://www.databreaches.net/rxamerica-and-accendo-insurance-notify-175000-medicare-beneficiaries-that-mailing-error-exposed-their-medication-name-date-of-birth-and-member-id/']]"
5,Adobe Systems Incorporated,2013,152000000.0,['tech'],['hacked'],"[['https://www.theverge.com/2013/11/7/5078560/over-150-million-breached-records-from-adobe-hack-surface-online'], ['https://arstechnica.com/security/2013/11/how-an-epic-blunder-by-adobe-could-strengthen-hand-of-password-crackers/']]"
6,Adobe Inc.,2019,7500000.0,['tech'],['poor security'],"[['https://www.comparitech.com/blog/information-security/7-million-adobe-creative-cloud-accounts-exposed-to-the-public/'], ['https://www.zdnet.com/article/adobe-admits-2-9m-customer-accounts-have-been-compromised/']]"
7,Advocate Medical Group,2017,4000000.0,['healthcare'],"['lost', 'stolen media']","[['http://healthitsecurity.com/2013/08/27/advocate-medical-group-endures-massive-data-breach/'], ['http://healthitsecurity.com/news/advocate-medical-group-endures-massive-data-breach']]"
8,AerServ (subsidiary of InMobi),2018,75000.0,['advertising'],['hacked'],[['https://justice.oregon.gov/consumer/DataBreach/Home/Details/2099829533']]
9,"Affinity Health Plan, Inc.",2013,344579.0,['healthcare'],"['lost', 'stolen media']","[['https://www.hhs.gov/about/news/2013/08/14/hhs-settles-with-health-plan-in-photocopier-breach-case.html'], ['https://www.databreachtoday.com/12-million-penalty-in-copier-breach-a-5991']]"
10,Airtel,2019,320000000.0,['telecommunications'],['poor security'],[['https://www.bbc.com/news/world-asia-india-50641608']]
11,Aadhar data breach,2023,810000000.0,['government'],['data leak due to security vulnerabilities'],[['https://economictimes.indiatimes.com/tech/technology/aadhar-data-leak-personal-data-of-81-5-crore-indians-on-sale-on-dark-web-report/articleshow/104856898.cms']]
12,Air Canada,2018,20000.0,['transport'],['hacked'],[['https://globalnews.ca/news/4415993/air-canada-mobile-app-data-breach/']]
14,TD Ameritrade,2005,200000.0,['financial'],"['lost', 'stolen media']",[['http://www.nbcnews.com/id/7561268/ns/technology_and_science-security/t/ameritrade-warns-clients-lost-data/']]
16,Ancestry.com,2021,300000.0,['web'],['poor security'],[['https://blogs.ancestry.com/ancestry/2017/12/23/rootsweb-security-update/']]
17,Animal Jam,2020,46000000.0,['gaming'],['hacked'],"[['https://techcrunch.com/2020/11/16/animal-jam-data-breach/'], ['https://www.manageengine.com/ems/cyber-town/animal-jam-data-breach-threatens-privacy-of-children.html']]"
18,"Ankle & Foot Center of Tampa Bay, Inc.",2021,156000.0,['healthcare'],['hacked'],[['http://www.phiprivacy.net/?p=5743']]
19,Anthem Inc.,2015,80000000.0,['healthcare'],['hacked'],"[['https://web.archive.org/web/20170211220237/https://www.anthemfacts.com/faq', 'http://www.anthemfacts.com/faq'], ['http://www.databreach-settlement.com/'], ['http://krebsonsecurity.com/2015/02/data-breach-at-health-insurer-anthem-could-impact-millions/']]"
20,AOL,2004,92000000.0,['web'],"['inside job', 'hacked']","[['https://money.cnn.com/2004/06/23/technology/aol_spam/'], ['https://www.nbcnews.com/id/8985989']]"
21,AOL,2006,20000000.0,['web'],"['accidentally published', '(sometimes referred to as a ""data valdez"",[40][41][42] due to its size)']",[['https://techcrunch.com/2006/08/06/aol-proudly-releases-massive-amounts-of-user-search-data/']]
22,AOL,2014,2400000.0,['web'],['hacked'],[['http://blog.aol.com/2014/04/28/aol-security-update/']]
24,"Apple, Inc./BlueToad",2021,12367232.0,"['tech', 'retail']",['accidentally published'],[['https://www.cnet.com/news/udid-leak-source-idd-bluetoad-mobile-firm-says-it-was-hacked/']]
25,Apple,2013,275000.0,['tech'],['hacked'],[['https://www.theguardian.com/technology/2013/jul/22/apple-developer-site-hacked']]
26,Apple Health Medicaid,2021,91000.0,['healthcare'],['poor security'],[['http://www.seattletimes.com/seattle-news/health/91000-state-medicaid-clients-warned-of-data-breach/']]
27,Ashley Madison,2015,32000000.0,['web'],['hacked'],"[['https://www.wired.com/2015/08/happened-hackers-posted-stolen-ashley-madison-data/'], ['http://krebsonsecurity.com/2015/07/online-cheating-site-ashleymadison-hacked/']]"
28,AT&T,2008,113000.0,['telecoms'],"['lost', 'stolen computer']",[['http://www.idtheftcenter.org/artman2/publish/lib_survey/ITRC_2008_Breach_List.shtml']]
29,AT&T,2010,114000.0,['telecoms'],['hacked'],[['https://www.theguardian.com/technology/2010/jun/10/apple-ipad-security-leak?INTCMP=SRCH']]
30,AT&T,2021,72000000.0,['telecoms'],['unknown'],[['https://www.troyhunt.com/inside-the-massive-alleged-att-data-breach/']]
32,Auction.co.kr,2008,18000000.0,['web'],['hacked'],[['https://www.koreatimes.co.kr/www/news/biz/2010/03/123_63121.html']]
35,Automatic Data Processing,2005,125000.0,['financial'],['poor security'],[['https://abcnews.go.com/Technology/story?id=2160425&page=1#.UFcROxgUwaA']]
36,"AvMed, Inc.",2009,1220000.0,['healthcare'],"['lost', 'stolen computer']",[['http://www.winston.com/en/privacy-law-corner/3m-data-breach-settlement-approved-for-avmed-customers.html']]
37,Bailey's Inc.,2015,250000.0,['retail'],['hacked'],[['http://www.scmagazine.com/attacker-compromises-information-of-250k-in-baileys-data-breach/article/483630/']]
38,The Bank of New York Mellon,2008,12500000.0,['financial'],"['lost', 'stolen media']","[['https://web.archive.org/web/20160308134258/http://www.wctv.tv/news/headlines/28132494.html?storySection=comments', 'http://www.wctv.tv/news/headlines/28132494.html?storySection=comments']]"
39,Bangladesh Government website data breach,2023,50000000.0,['government'],['data leak due to security vulnerabilities'],[['https://www.tbsnews.net/bangladesh/millions-bangladeshi-citizens-data-exposed-online-661958']]
40,Bank of America,2005,1200000.0,['financial'],"['lost', 'stolen media']",[['https://www.nbcnews.com/id/7032779/ns/technology_and_science-security/t/bank-america-loses-customer-data/#.WHPYpVMrJUQ']]
42,Bell Canada,2017,1900000.0,['telecoms'],['poor security'],[['https://www.theglobeandmail.com/report-on-business/bell-apologizes-to-customers-after-data-breach-hits-19-million-e-mail-addresses/article35004027/']]
43,Bell Canada,2018,100000.0,['telecoms'],['hacked'],[['https://www.cbc.ca/news/business/bell-canada-data-breach-1.4500156']]
44,Benesse,2014,35040000.0,['educational services'],['hacked'],[['https://ja.wikipedia.org/wiki/%E3%83%99%E3%83%8D%E3%83%83%E3%82%BB%E5%80%8B%E4%BA%BA%E6%83%85%E5%A0%B1%E6%B5%81%E5%87%BA%E4%BA%8B%E4%BB%B6']]
45,Betfair,2010,2300000.0,['web'],['hacked'],[['http://www.idtheftcenter.org/artman2/publish/lib_survey/ITRC_2008_Breach_List.shtml']]
46,Bethesda Game Studios,2011,200000.0,['gaming'],['hacked'],[['http://www.pcworld.com/article/231215/lulzsec_a_short_history_of_hacking.html']]
49,Blank Media Games,2018,7633234.0,['gaming'],['hacked'],"[['https://blog.dehashed.com/town-of-salem-blankmediagames-hacked/'], ['https://www.forbes.com/sites/daveywinder/2019/01/03/town-of-salem-hacked-leaving-more-than-7-6m-with-compromised-data/#66a625f730d3']]"
50,Blizzard Entertainment,2012,14000000.0,['gaming'],['hacked'],"[['http://us.blizzard.com/en-us/securityupdate.html'], ['http://www.darkreading.com/attacks-and-breaches/blizzard-battlenet-security-breached-passwords-accessed/d/d-id/1105740?']]"
51,BlueCross BlueShield of Tennessee,2009,1023209.0,['healthcare'],"['lost', 'stolen media']",[['http://www.scmagazine.com/thief-steals-57-hard-drives-from-bluecross-blueshield-of-tennessee/article/162178/']]
52,BMO and Simplii,2018,90000.0,['banking'],['poor security'],[['http://www.cbc.ca/news/business/bank-hack-tuesday-1.4682018']]
53,2018 British Airways cyberattack,2018,500000.0,['transport'],['hacked'],"[['https://www.britishairways.com/en-us/information/incident/data-theft/latest-information'], ['https://www.reuters.com/article/us-iag-cybercrime-british-airways/ba-apologizes-after-380000-customers-hit-in-cyber-attack-idUSKCN1LM2P6'], ['https://www.bbc.com/news/business-48905907'], ['https://www.britishairways.com/en-us/information/incident/data-theft/latest-information'], ['https://www.reuters.com/article/us-iag-cybercrime-british-airways/ba-apologizes-after-380000-customers-hit-in-cyber-attack-idUSKCN1LM2P6']]"
57,California Department of Child Support Services,2012,800000.0,['government'],"['lost', 'stolen media']","[['http://www.idtheftcenter.org/artman2/publish/lib_survey/ITRC_2008_Breach_List.shtml'], ['https://www.businessinsider.com/california-child-support-data-breach-2012-4?r=US&IR=T']]"
58,Canva,2019,140000000.0,['web'],['hacked'],"[['https://www.cisomag.com/nearly-140-million-user-data-leaked-in-canva-hack/'], ['https://www.hackread.com/online-graphic-design-tool-canva-hacked/'], ['http://www.crn.com.au/news/canva-hacked---user-details-accessed-but-passwords-safe-525716'], ['https://www.zdnet.com/article/australian-tech-unicorn-canva-suffers-security-breach/'], ['https://www.tomsguide.com/us/canva-data-breach,news-30165.html']]"
59,Capcom,2020,350000.0,['game'],['hacked'],[['https://ja.wikipedia.org/wiki/%E5%80%8B%E4%BA%BA%E6%83%85%E5%A0%B1%E6%BC%8F%E6%B4%A9#主な個人情報漏洩事件#2016年']]
60,Capital One,2019,106000000.0,['financial'],['unsecured s3 bucket'],"[['https://www.cnn.com/2019/07/29/business/capital-one-data-breach/index.html'], ['https://www.capitalone.com/facts2019/'], ['https://dx.doi.org/10.2139/ssrn.3542567', 'https://doi.org/10.2139%2Fssrn.3542567', 'https://www.worldcat.org/issn/1556-5068']]"
61,"CardSystems Solutions Inc.
(MasterCard, Visa, Discover Financial Services and American Express)",2005,40000000.0,['financial'],['hacked'],"[['https://www.nbcnews.com/id/8260050'], ['https://www.cnet.com/news/credit-card-breach-exposes-40-million-accounts/']]"
62,Cathay Pacific Airways,2018,9400000.0,['transport'],['hacked'],[['https://www.straitstimes.com/asia/east-asia/cathay-pacific-flags-data-breach-affecting-94-million-passengers']]
63,CareFirst BlueCross Blue Shield - Maryland,2015,1100000.0,['healthcare'],['hacked'],[['http://www.baltimoresun.com/health/bs-bz-carefirst-data-breach-20150520-story.html']]
64,Central Coast Credit Union,2016,60000.0,['financial'],['hacked'],[['http://krebsonsecurity.com/2016/02/breached-credit-union-comes-out-of-its-shell/']]
65,Central Hudson Gas & Electric,2013,110000.0,['energy'],['hacked'],[['http://www.privacyrights.org/data-breach']]
66,CheckFree Corporation,2009,5000000.0,['financial'],['hacked'],[['http://www.computerworld.com/s/article/9125078/CheckFree_warns_5_million_customers_after_hack']]
67,Central Intelligence Agency,2017,91.0,['malware tools'],['internal job]]'],"[['https://www.newyorker.com/magazine/2022/06/13/the-surreal-case-of-a-cia-hackers-revenge/'], ['https://www.nytimes.com/2017/03/07/world/europe/wikileaks-cia-hacking.html'], ['https://www.wired.com/2017/03/cia-can-hack-phone-pc-tv-says-wikileaks/'], ['http://www.computing.co.uk/ctg/news/3006021/vault-7-wikileaks-reveals-details-of-cias-hacks-of-android-iphone-windows-linux-macos-and-even-samsung-tvs'], ['https://www.newsweek.com/who-joshua-adam-schulte-former-cia-employee-charged-over-vault-7-leak-982899']]"
68,CGI Group,2007,283000.0,[''],[''],[['http://www.privacyrights.org/data-breach']]
69,CheckPeople,2020,56000000.0,['background check'],['unknown'],[['https://www.theregister.co.uk/2020/01/09/checkpeoplecom_data_exposed/']]
70,China Software Developer Network,2011,6000000.0,['web'],['hacked'],[['https://www.zdnet.com/blog/security/chinese-hacker-arrested-for-leaking-6-million-logins/11064']]
71,"Chinese gaming websites (three: Duowan, 7K7K, 178.com)",2011,10000000.0,['web'],['hacked'],[['http://www.ehackingnews.com/2011/12/hackers-compromised-38-million-chinese.html']]
73,Citigroup,2005,3900000.0,['financial'],"['lost', 'stolen media']",[['https://www.nytimes.com/2005/06/07/business/07data.html']]
74,Citigroup,2011,360083.0,['financial'],['hacked'],"[['http://www.pcworld.com/article/229891/Citigroup_Hack_Nets_Over_200k_in_Stolen_Customer_Details.html'], ['https://www.forbes.com/sites/andygreenberg/2011/06/09/citibank-reveals-one-percent-of-all-accounts-exposed-in-hack/']]"
75,Citigroup,2013,150000.0,['financial'],['poor security'],[['http://news.softpedia.com/news/Citi-Exposes-Details-of-150-000-Individuals-Who-Went-into-Bankruptcy-369979.shtml']]
76,City and Hackney Teaching Primary Care Trust,2007,160000.0,['healthcare'],"['lost', 'stolen media']",[['http://www.computerweekly.com/news//Hackney-NHS-trust-encrypts-IT-equipment-following-loss-of-child-data']]
78,Collection No. 1,2019,773000000.0,['various'],['compilation of multiple data breaches'],[['https://www.malwarebytes.com/blog/news/2019/01/collection-1-data-breach-what-you-need-to-know']]
79,Colorado state government,2010,105470.0,['healthcare'],"['lost', 'stolen computer']",[['http://www.databreaches.net/rxamerica-and-accendo-insurance-notify-175000-medicare-beneficiaries-that-mailing-error-exposed-their-medication-name-date-of-birth-and-member-id/']]
80,Community Health Systems,2014,4500000.0,['healthcare'],['hacked'],[['https://money.cnn.com/2014/08/18/technology/security/hospital-chs-hack/']]
81,Philippines Commission on Elections,2016,55000000.0,['government'],['hacked'],['']
82,Compass Bank,2007,1000000.0,['financial'],['inside job'],"[['http://www.idtheftcenter.org/artman2/publish/lib_survey/ITRC_2008_Breach_List.shtml'], ['http://www.computerworld.com/s/article/9072198/Programmer_who_stole_drive_containing_1_million_bank_records_gets_42_months']]"
83,Countrywide Financial Corp,2006,2600000.0,['financial'],['inside job'],[['http://www.idtheftcenter.org/artman2/publish/lib_survey/ITRC_2008_Breach_List.shtml']]
84,Countrywide Financial Corp,2011,2500000.0,['financial'],['inside job'],[['http://latimesblogs.latimes.com/money_co/2011/09/man-convicted-in-huge-countrywide-data-theft-gets-8-months-in-prison.html']]
86,Centers for Medicare & Medicaid Services,2018,75000.0,['healthcare'],['hacked'],[['https://www.deccanchronicle.com/technology/in-other-news/201018/us-cms-says-75000-individuals-files-accessed-in-data-breach.html']]
88,Cox Communications,2016,40000.0,['telecoms'],['hacked'],[['http://www.infosecurity-magazine.com/news/cox-communications-investigates/']]
89,"Crescent Health Inc., Walgreens",2013,100000.0,['healthcare'],"['lost', 'stolen computer']","[['http://www.privacyrights.org/data-breach'], ['http://www.healthcareitnews.com/news/walgreens-company-announces-data-breach']]"
90,Cutout.Pro,2024,19972829.0,['web'],['hacked'],[['https://www.bleepingcomputer.com/news/security/20-million-cutoutpro-user-records-leaked-on-data-breach-forum/']]
92,CyberServe,2021,1107034.0,['hosting provider'],['hacked'],"[['https://www.haaretz.com/israel-news/tech-news/.premium-anti-israel-hackers-target-web-hosting-company-knock-down-several-israeli-sites-1.10338654'], ['https://haveibeenpwned.com/PwnedWebsites']]"
94,Dai Nippon Printing,2007,8637405.0,['retail'],['inside job'],[['http://usatoday30.usatoday.com/tech/news/computersecurity/2007-12-30-data_n.htm']]
95,"Data Processors International (MasterCard, Visa, Discover Financial Services and American Express)",2008,8000000.0,['financial'],['hacked'],[['https://money.cnn.com/2003/02/18/technology/creditcards/']]
97,Dedalus Biologie (a division of Dedalus Global),2021,500000.0,['health'],['poor security'],"[['https://www.liberation.fr/checknews/les-informations-confidentielles-de-500-000-patients-francais-derobees-a-des-laboratoires-medicaux-et-diffusees-en-ligne-20210223_VO6W6J6IUVATZD4VOVNDLTDZBU/?redirected=1'], ['https://www.bleepingcomputer.com/news/security/medical-software-firm-fined-15m-for-leaking-data-of-490k-patients/']]"
99,Democratic National Committee,2016,19252.0,['political'],['hacked'],[['https://www.washingtonpost.com/news/post-politics/wp/2016/07/22/on-eve-of-democratic-convention-wikileaks-releases-thousands-of-documents-about-clinton-the-campaign-and-internal-deliberations/']]
100,US Department of Homeland Security,2016,30000.0,['government'],['poor security'],"[['https://www.pcmag.com/article2/0,2817,2499013,00.asp'], ['https://www.nytimes.com/2016/02/09/us/hackers-access-employee-records-at-justice-and-homeland-security-depts.html?_r=0']]"
101,Desjardins,2019,9700000.0,['financial'],['inside job'],[['https://www.priv.gc.ca/en/opc-actions-and-decisions/investigations/investigations-into-businesses/2020/pipeda-2020-005/']]
102,Domino's Pizza (France),2014,600000.0,['web'],['hacked'],[['https://www.theguardian.com/technology/2014/jun/16/dominos-pizza-ransom-hack-data']]
103,DonorView,2023,948029.0,['charity'],['poor security'],[['https://www.vpnmentor.com/news/report-donorview-breach/']]
104,DoorDash,2019,4900000.0,['web'],['hacked'],[['https://techcrunch.com/2019/09/26/doordash-data-breach/']]
105,UK Driving Standards Agency,2007,3000000.0,['government'],"['lost', 'stolen media']",[['http://news.bbc.co.uk/1/hi/uk_politics/7147715.stm']]
106,Dropbox,2012,68648009.0,['web'],['hacked'],[['http://www.informationweek.co.uk/security/client/dropbox-admits-hack-adds-more-security-f/']]
107,Drupal,2013,1000000.0,['web'],['hacked'],[['https://arstechnica.com/security/2013/05/drupal-org-resets-login-credentials-after-hack-exposes-password-data/']]
108,DSW Inc.,2005,1400000.0,['retail'],['hacked'],[['https://www.nbcnews.com/id/7550562/ns/technology_and_science-security/t/million-exposed-shoe-data-breach/#.WHPXH1MrJUQ']]
109,Dubsmash,2018,162000000.0,['messaging app'],['hacked'],"[['https://www.securedata.com/blog/dubsmash-accounts-hacked#'], ['https://www.theregister.co.uk/2019/02/11/620_million_hacked_accounts_dark_web/']]"
110,Dun & Bradstreet,2013,1000000.0,['tech'],['hacked'],"[['https://www.usatoday.com/story/cybertruth/2013/09/26/lexisnexis-dunn--bradstreet-altegrity-hacked/2878769/'], ['https://www.reuters.com/article/2013/09/26/us-cyberattacks-databrokers-idUSBRE98P']]"
111,Duolingo,2023,2676696.0,['educational services'],['web scraping'],"[['https://www.theverge.com/2013/11/7/5078560/over-150-million-breached-records-from-adobe-hack-surface-online'], ['https://www.bleepingcomputer.com/news/security/scraped-data-of-26-million-duolingo-users-released-on-hacking-forum/']]"
112,"Earl Enterprises(Buca di Beppo, Earl of Sandwich, Planet Hollywood,Chicken Guy, Mixology, Tequila Taqueria)",2018,2000000.0,['restaurant'],['hacked'],[['https://www.usatoday.com/story/money/2019/04/01/credit-card-data-breach-hits-buca-di-beppo-planet-hollywood/3335523002/']]
114,eBay,2014,145000000.0,['web'],['hacked'],[['https://www.washingtonpost.com/news/the-switch/wp/2014/05/21/ebay-asks-145-million-users-to-change-passwords-after-data-breach/']]
116,Educational Credit Management Corporation,2010,3300000.0,['financial'],"['lost', 'stolen media']",[['http://www.foxnews.com/us/2010/03/26/student-loan-company-data-m-people-stolen/']]
117,Eisenhower Medical Center,2011,514330.0,['healthcare'],"['lost', 'stolen computer']",[['https://www.hhs.gov/hipaa/for-professionals/breach-notification/index.html']]
118,ElasticSearch,2019,108000000.0,['tech'],['poor security'],[['https://www.zdnet.com/article/online-casino-group-leaks-information-on-108-million-bets-including-user-details/']]
119,Embassy Cables,2010,251000.0,['government'],['inside job'],[['https://wikileaks.org/cablegate.html']]
120,"Emergency Healthcare Physicians, Ltd.",2010,180111.0,['healthcare'],"['lost', 'stolen media']","[['https://www.hhs.gov/hipaa/for-professionals/breach-notification/index.html'], ['http://www.healthcareinfosecurity.com/chicago-breach-affects-180000-a-2496']]"
121,Emory Healthcare,2012,315000.0,['healthcare'],['poor security'],[['https://www.hhs.gov/hipaa/for-professionals/breach-notification/index.html']]
122,England and Wales Cricket Board,2024,43299.0,['government'],['unknown'],[['https://www.thecricketer.com/Topics/grassroots/ecb_issue_warning_to_users_of_online_coaching_platform_following_data_breach.html']]
126,Equifax,2017,163119000.0,"['financial', 'credit reporting']",['poor security'],"[['https://www.cnet.com/news/equifax-data-leak-hits-nearly-half-of-the-us-population/'], ['https://www.usatoday.com/story/money/2017/09/14/equifax-identity-theft-hackers-apache-struts/'], ['https://www.forbes.com/sites/leemathews/2017/09/07/equifax-data-breach-impacts-143-million-americans/#6f6ed8d3356f'], ['http://bgr.com/2017/09/08/equifax-hack-lawsuit-class-action-how-to-join/'], ['https://www.natlawreview.com/article/state-and-local-governments-move-swiftly-to-sue-equifax'], ['https://search.proquest.com/docview/2043172601']]"
127,EssilorLuxottica,2021,77093812.0,"['healthcare', 'retail']",['hacked'],"[['https://www.bleepingcomputer.com/news/security/luxottica-confirms-2021-data-breach-after-info-of-70m-leaks-online/'], ['https://haveibeenpwned.com/PwnedWebsites']]"
129,Evernote,2013,50000000.0,['web'],['hacked'],"[['https://www.wired.co.uk/news/archive/2013-03/04/evernote-hacked'], ['http://www.digitaltrends.com/mobile/evernote-hack-50-million-users-forced-to-reset-passwords/']]"
130,Evide data breach,2023,1000.0,['computer services for charities'],['ransomware hacked'],"[['https://www.irishexaminer.com/news/arid-41118247.html'], ['https://www.irishexaminer.com/news/arid-41118562.html'], ['https://www.bbc.com/news/uk-northern-ireland-65297324'], ['https://www.thejournal.ie/investigation-cyber-attack-ireland-charities-6045882-Apr2023/'], ['https://www.irishtimes.com/crime-law/2023/04/17/sex-abuse-survivors-charity-one-in-four-victim-of-data-breach/']]"
131,Exactis,2018,340000000.0,['data broker'],['poor security'],[['https://www.wired.com/story/exactis-database-leak-340-million-records/']]
132,Excellus BlueCross BlueShield,2015,10000000.0,['healthcare'],['hacked'],[['https://www.usatoday.com/story/tech/2015/09/10/cyber-breach-hackers-excellus-blue-cross-blue-shield/72018150/']]
133,Experian - T-Mobile US,2015,15000000.0,['telecoms'],['hacked'],"[['https://www.huffingtonpost.com/entry/experian-hacked-tmobile_us_560e0d30e4b0af3706e0481e'], ['http://fortune.com/2015/10/01/experian-data-breach-tmobile/']]"
135,Facebook,2013,6000000.0,['social network'],['accidentally published'],[['https://packetstormsecurity.com/news/view/22713/Facebook-Where-Your-Friends-Are-Your-Worst-Enemies.html']]
136,Facebook,2018,50000000.0,['social network'],['poor security'],"[['https://social.techcrunch.com/2018/09/28/everything-you-need-to-know-about-facebooks-data-breach-affecting-50m-users/'], ['https://www.wired.com/story/facebook-security-breach-50-million-accounts/'], ['https://www.vox.com/2018/9/28/17914598/facebook-new-hack-data-breach-50-million'], ['https://www.cnbc.com/video/2018/09/28/zuckerberg-says-facebook-working-with-fbi-to-investigate-security-breach.html'], ['https://www.nytimes.com/2018/09/28/technology/facebook-hack-data-breach.html'], ['https://www.theguardian.com/technology/2018/sep/28/facebook-50-million-user-accounts-security-berach'], ['https://www.theguardian.com/news/2018/mar/17/cambridge-analytica-facebook-influence-us-election', 'https://web.archive.org/web/20180318001541/https://www.theguardian.com/news/2018/mar/17/cambridge-analytica-facebook-influence-us-election']]"
137,Facebook,2019,540000000.0,['social network'],['poor security'],"[['https://www.cbsnews.com/news/millions-facebook-user-records-exposed-amazon-cloud-server/'], ['https://www.engadget.com/facebook-533-million-user-personal-data-leak-180156777.html']]"
138,Facebook,2019,1500000.0,['social network'],['accidentally uploaded'],[['https://www.businessinsider.com/facebook-uploaded-1-5-million-users-email-contacts-without-permission-2019-4']]
139,Facebook,2019,267000000.0,['social network'],['poor security'],"[['https://www.cnet.com/news/millions-of-facebook-user-phone-numbers-exposed-online-security-researchers-say/'], ['https://newyork.cbslocal.com/2019/12/20/facebook-dark-web-data-breach/']]"
140,Facebook Marketplace,2023,200000.0,['social network'],['unknown'],[['https://www.bleepingcomputer.com/news/security/200-000-facebook-marketplace-user-records-leaked-on-hacking-forum/']]
141,Fast Retailing,2019,461091.0,['retail'],['hacked'],[['https://ja.wikipedia.org/wiki/%E5%80%8B%E4%BA%BA%E6%83%85%E5%A0%B1%E6%BC%8F%E6%B4%A9#主な個人情報漏洩事件#2019年']]
143,Federal Reserve Bank of Cleveland,2010,400000.0,['financial'],['hacked'],[['http://www.idtheftcenter.org/artman2/publish/lib_survey/ITRC_2008_Breach_List.shtml']]
144,Fidelity National Information Services,2007,8500000.0,['financial'],['inside job'],[['http://www.pcworld.com/article/135117/article.html']]
145,First American Corporation,2019,885000000.0,['financial service company'],['poor security'],[['https://gizmodo.com/885-million-sensitive-records-leaked-online-bank-trans-1835016235']]
147,Florida Department of Juvenile Justice,2013,100000.0,['government'],"['lost', 'stolen computer']",[['http://www.privacyrights.org/data-breach']]
148,Friend Finder Networks,2016,412214295.0,['web'],"['poor security', 'hacked']","[['https://www.theverge.com/2016/11/13/13615750/412-million-adultfriendfinder-accounts-exposed-breach'], ['https://www.zdnet.com/article/adultfriendfinder-network-hack-exposes-secrets-of-412-million-users/']]"
149,Funimation,2016,2500000.0,['web'],['hacked'],"[['https://www.animenewsnetwork.com/news/2017-02-22/report-2.5-million-funimation-accounts-compromised-in-data-breach/.112538'], ['https://hacknotice.com/2016/12/22/funimation-com/']]"
150,Formspring,2012,420000.0,['web'],['accidentally published'],[['http://news.cnet.com/9944-83/formspring-disables-user-passwords-in-security-breach/?tag=mncol;txt']]
151,Unknown,2020,201000000.0,['personal and demographic data about residents and their properties of us'],['poor security'],[['https://www.comparitech.com/fr/blog/vpn-privacy/200-million-us-database-leaked/']]
152,Gamigo,2012,8000000.0,['web'],['hacked'],[['https://www.forbes.com/sites/andygreenberg/2012/07/23/eight-million-passwords-spilled-from-gaming-site-gamigo-months-after-breach/']]
153,Gap Inc.,2007,800000.0,['retail'],"['lost', 'stolen computer']","[['http://www.pcworld.com/article/137865/article.html'], ['http://www.privacyrights.org/data-breach']]"
154,Gawker,2010,1500000.0,['web'],['hacked'],"[['https://www.theguardian.com/technology/2010/dec/13/gawker-hackers-passwords-twitter-wikileaks?INTCMP=SRCH'], ['http://www.mediaite.com/online/gawker-medias-entire-commenter-database-appears-to-have-been-hacked/']]"
156,Global Payments,2012,7000000.0,['financial'],['hacked'],[['https://www.washingtonpost.com/business/technology/faq-the-global-payments-hack/2012/04/02/gIQAIHLLrS_story.html']]
157,Gmail,2014,5000000.0,['web'],['hacked'],[['https://thenextweb.com/google/2014/09/10/4-93-million-gmail-usernames-passwords-published-google-says-evidence-systems-compromised/']]
158,Google Plus,2018,500000.0,['social network'],['poor security'],"[['https://arstechnica.com/tech-policy/2018/10/google-exposed-non-public-data-for-500k-users-then-kept-it-quiet//'], ['https://www.nytimes.com/2018/10/08/technology/google-plus-security-disclosure.html'], ['https://www.theverge.com/2018/10/8/17951890/google-plus-shut-down-security-api-change-gmail-android'], ['https://www.theguardian.com/technology/2018/oct/08/google-plus-security-breach-wall-street-journal']]"
159,goregrish.com,2021,300000.0,['web'],['hacked'],[['https://goregrish.com/threads/issue-resulting-from-the-recent-ddos.80236/']]
160,Greek government,2012,9000000.0,['government'],['hacked'],[['https://www.wired.co.uk/news/archive/2012-11/22/greece-id-theft']]
161,Grozio Chirurgija,2017,25000.0,['healthcare'],['hacked'],"[['https://www.theguardian.com/technology/2017/may/31/hackers-publish-private-photos-cosmetic-surgery-clinic-bitcoin-ransom-payments'], ['http://www.seattletimes.com/nation-world/plastic-surgery-clinics-hacked-25000-photos-data-online/'], ['https://web.archive.org/web/20170531124102/http://abcnews.go.com/Technology/wireStory/plastic-surgery-clinics-hacked-25000-photos-data-online-47728631', 'https://abcnews.go.com/Technology/wireStory/plastic-surgery-clinics-hacked-25000-photos-data-online-47728631']]"
162,GS Caltex,2008,11100000.0,['energy'],['inside job'],"[['https://stratigossecurity.com/tag/gs-caltex/'], ['https://www.comparebusinessproducts.com/fyi/15-most-massive-data-breaches-history']]"
164,Hannaford Brothers Supermarket Chain,2007,4200000.0,['retail'],['hacked'],[['http://www.networkworld.com/article/2284998/lan-wan/details-emerging-on-hannaford-data-breach.html']]
165,HauteLook,2018,28517244.0,['retail'],['hacked'],"[['https://blog.weleakinfo.com/hautelook-com/'], ['https://www.theregister.com/2019/02/11/620_million_hacked_accounts_dark_web/'], ['https://twitter.com/haveibeenpwned/status/1108852166880423937']]"
166,Health Net,2009,500000.0,['healthcare'],"['lost', 'stolen media']",[['http://www.databreachtoday.com/health-net-fined-second-time-for-breach-a-3081']]
167,HCA Healthcare,2023,11270000.0,['healthcare'],['hacked'],[['https://hcahealthcare.com/about/privacy-update.dot']]
168,Health Net — IBM,2011,1900000.0,['healthcare'],"['lost', 'stolen media']",[['http://healthleadersmedia.com/page-1/COM-263662/CA-Investigating-Latest-Health-Net-Data-Breach##']]
169,Health Sciences Authority (Singapore),2019,808000.0,['healthcare'],['poor security'],[['https://www.todayonline.com/singapore/personal-data-808000-blood-donors-compromised-nine-weeks-hsa-lodges-police-report']]
171,Heartland Payment Systems,2009,130000000.0,['financial'],['hacked'],"[['https://www.theguardian.com/technology/blog/2009/aug/24/hacking-law?INTCMP=SRCH'], ['https://money.cnn.com/2012/03/30/technology/credit-card-data-breach/index.htm'], ['http://www.2008breach.com/Information20090120.asp', 'https://web.archive.org/web/20090127041550/http://2008breach.com/Information20090120.asp'], ['https://wayback.archive-it.org/all/20110403072859/http://www.businessweek.com/technology/content/jul2009/tc2009076_891369.htm', 'http://www.businessweek.com/technology/content/jul2009/tc2009076_891369.htm']]"
173,Hewlett Packard,2006,200000.0,"['tech', 'retail']","['lost', 'stolen media']",[['http://news.cnet.com/Laptop-with-HP-employee-data-stolen/964.html']]
174,Hilton Hotels,2014,363000.0,['hotel'],['hacked'],"[['http://fortune.com/2015/11/25/hilton-data-breach/'], ['https://www.reuters.com/article/us-hilton-wrldwide-settlement/hilton-to-pay-700000-over-credit-card-data-breaches-idUSKBN1D02L3']]"
175,Home Depot,2014,56000000.0,['retail'],['hacked'],"[['http://krebsonsecurity.com/2014/09/banks-credit-card-breach-at-home-depot/'], ['https://money.cnn.com/2014/09/18/technology/security/home-depot-hack/']]"
176,Honda Canada,2011,283000.0,['retail'],['poor security'],[['http://www.guelphmercury.com/news-story/2200845-honda-canada-hit-by-online-security-breach-283-000-car-owners-personal-data-stolen/']]
178,Iberdrola,2022,1300000.0,['energy'],['poor security'],[['https://www.theolivepress.es/spain-news/2022/03/31/power-company-iberdrola-admits-personal-details-of-1-3-million-customers-in-spain-were-hacked/']]
180,Instagram,2020,200000000.0,['social network'],['poor security'],[['https://www.forbes.com/sites/daveywinder/2020/08/19/massive-data-leak235-million-instagram-tiktok-and-youtube-user-profiles-exposed/']]
182,Internal Revenue Service,2015,720000.0,['financial'],['hacked'],"[['https://abcnews.go.com/Politics/irs-thieves-stolen-info-220000-additional-tax-accounts/story?id=33140918'], ['https://money.cnn.com/2016/02/26/technology/irs-data-theft/']]"
183,International Committee of the Red Cross,2022,515000.0,['humanitarian'],['unknown'],"[['https://www.thejournal.ie/red-cross-cyber-attack-hacked-5659878-Jan2022/'], ['https://www.siliconrepublic.com/enterprise/red-cross-cyberattack-switzerland-icrc'], ['https://www.theregister.com/2022/01/20/red_cross_hit_by_cyberattack/']]"
184,Inuvik hospital,2016,6700.0,['healthcare'],['inside job'],[['http://www.cbc.ca/news/canada/north/patient-records-possible-breach-1.3435311']]
185,"Iranian banks (three: Saderat, Eghtesad Novin, and Saman)",2012,3000000.0,['financial'],['hacked'],[['https://www.zdnet.com/blog/security/3-million-bank-accounts-hacked-in-iran/11577']]
186,Japan Pension Service,2015,1250000.0,['special public corporation'],['hacked'],[['https://ja.wikipedia.org/wiki/%E5%B9%B4%E9%87%91%E7%AE%A1%E7%90%86%E3%82%B7%E3%82%B9%E3%83%86%E3%83%A0%E3%82%B5%E3%82%A4%E3%83%90%E3%83%BC%E6%94%BB%E6%92%83%E5%95%8F%E9%A1%8C']]
187,Japanet Takata,2004,510000.0,['shopping'],['inside job'],[['https://ja.wikipedia.org/wiki/%E3%82%B8%E3%83%A3%E3%83%91%E3%83%8D%E3%83%83%E3%83%88%E3%81%9F%E3%81%8B%E3%81%9F#不祥事など\u200b#個人情報漏洩']]
188,"Jefferson County, West Virginia",2008,1600000.0,['government'],['accidentally published'],"[['http://www.idtheftcenter.org/artman2/publish/lib_survey/ITRC_2008_Breach_List.shtml'], ['https://web.archive.org/web/20160207043534/http://www.journal-news.net/page/content.detail/id/511806.html?nav=5006', 'http://www.journal-news.net/page/content.detail/id/511806.html?nav=5006']]"
189,JP Morgan Chase,2010,2600000.0,['financial'],"['lost', 'stolen media']",[['http://www.pcworld.com/article/131453/article.html']]
190,JP Morgan Chase,2014,76000000.0,['financial'],['hacked'],[['https://dealbook.nytimes.com/2014/10/02/jpmorgan-discovers-further-cyber-security-issues/?_php=true&_type=blogs&_r=0']]
191,Justdial,2019,100000000.0,['local search'],['unprotected api'],[['https://economictimes.indiatimes.com/tech/internet/data-breach-at-justdial-leaks-100-million-user-details/articleshow/68930607.cms']]
192,KDDI,2006,4000000.0,['telecoms'],['hacked'],[['http://www.computerworld.com/s/article/9001150/KDDI_suffers_massive_data_breach']]
193,Kirkwood Community College,2013,125000.0,['academic'],['hacked'],"[['http://www.privacyrights.org/data-breach'], ['http://www.databreachwatch.org/community-college-data-breach-leaks-125000-ssns/']]"
194,KM.RU,2016,1500000.0,['web'],['hacked'],[['https://www.vice.com/en/article/pgkp57/a-teen-hacker-is-targeting-russian-sites-as-revenge-for-the-mh17-crash']]
196,Korea Credit Bureau,2014,20000000.0,['financial'],['inside job'],[['http://www.securityweek.com/20-million-people-fall-victim-south-korea-data-leak']]
197,Kroll Background America,2013,1000000.0,['tech'],['hacked'],"[['https://www.usatoday.com/story/cybertruth/2013/09/26/lexisnexis-dunn--bradstreet-altegrity-hacked/2878769/'], ['https://www.reuters.com/article/2013/09/26/us-cyberattacks-databrokers-idUSBRE98P']]"
198,KT Corporation,2012,8700000.0,['telecoms'],['hacked'],"[['https://www.koreatimes.co.kr/www/news/biz/2012/07/html'], ['http://news.cnet.com/2215-83/hackers-accused-of-stealing-data-from-9m-korean-mobile-users/']]"
199,LexisNexis,2014,1000000.0,['tech'],['hacked'],"[['https://www.usatoday.com/story/cybertruth/2013/09/26/lexisnexis-dunn--bradstreet-altegrity-hacked/2878769/'], ['https://www.reuters.com/article/2013/09/26/us-cyberattacks-databrokers-idUSBRE98P']]"
201,Les Éditions Protégez-vous,2020,380000.0,['publisher (magazine)'],['unknown'],[['https://www.archyde.com/protegez-vous-opens-an-investigation-into-a-data-theft-affecting-its-subscribers/']]
202,LifeLabs,2019,15000000.0,['healthcare'],['hacked'],[['https://www.cbc.ca/news/canada/british-columbia/lifelabs-cyberattack-15-million-1.5399577']]
203,Lincoln Medical & Mental Health Center,2010,130495.0,['healthcare'],"['lost', 'stolen media']","[['https://www.hhs.gov/hipaa/for-professionals/breach-notification/index.html'], ['https://www.pcworld.idg.com.au/article/351659/new_york_hospital_loses_data_130_000_via_fedex/']]"
204,"LinkedIn, eHarmony, Last.fm",2012,8000000.0,['web'],['accidentally published'],"[['https://www.cnet.com/news/what-the-password-leaks-mean-to-you-faq/', 'https://web.archive.org/web/20181230171349/https://www.cnet.com/news/what-the-password-leaks-mean-to-you-faq/'], ['https://arstechnica.com/security/2012/06/8-million-leaked-passwords-connected-to-linkedin/', 'https://web.archive.org/web/20181230173243/https://arstechnica.com/information-technology/2012/06/8-million-leaked-passwords-connected-to-linkedin/']]"
205,Living Social,2013,50000000.0,['web'],['hacked'],"[['https://nakedsecurity.sophos.com/2013/04/27/livingsocial-hacked-50-million-affected/'], ['http://bits.blogs.nytimes.com/2013/04/26/living-social-hack-exposes-data-for-50-million-customers/']]"
206,Lyca Mobile,2023,16000000.0,['telecommunications'],['hacked'],"[['https://www.uswitch.com/mobiles/news/lyca-mobile-data-breach/'], ['https://www.ispreview.co.uk/index.php/2023/10/lyca-mobile-uk-confirm-personal-data-breached-by-hackers.html']]"
207,MacRumors.com,2014,860000.0,['web'],['hacked'],[['https://www.wired.co.uk/news/archive/2013-11/13/mac-rumours-forums-hacked']]
209,Manipulated Caiman,2023,40000000.0,['financial'],['hacked'],"[['https://perception-point.io/blog/manipulated-caiman-the-sophisticated-snare-of-mexicos-banking-predators-technical-edition/'], ['https://haveibeenpwned.com/PwnedWebsites']]"
210,Marriott International,2018,500000000.0,['hotel'],['hacked'],[['https://www.nytimes.com/2018/12/11/us/politics/trump-china-trade.html']]
211,Marriott International,2020,5200000.0,['hotel'],"['poor security', 'inside job']",[['https://www.nytimes.com/aponline/2020/03/31/business/ap-us-marriott-data-breach.html']]
212,Massachusetts Government,2011,210000.0,['government'],['poor security'],[['http://www.idtheftcenter.org/artman2/publish/lib_survey/ITRC_2008_Breach_List.shtml']]
213,Massive American business hack including 7-Eleven and Nasdaq,2012,160000000.0,['financial'],['hacked'],[['https://www.nydailynews.com/news/national/russians-ukrainian-charged-largest-hacking-spree-u-s-history-article-1.1408948']]
214,MediaWorks New Zealand,2023,162710.0,['entertainment'],['hacked'],[['https://www.rnz.co.nz/news/national/512042/mediaworks-data-breach-hackers-email-victims-demanding-820']]
215,Medibank & AHM,2022,9700000.0,['healthcare'],['hacked'],"[['http://www.natlawreview.com/article/oh-no-not-again-chalk-yet-another-health-data-breach'], ['http://www.databreaches.net/rxamerica-and-accendo-insurance-notify-175000-medicare-beneficiaries-that-mailing-error-exposed-their-medication-name-date-of-birth-and-member-id/'], ['https://www.comparitech.com/blog/information-security/7-million-adobe-creative-cloud-accounts-exposed-to-the-public/'], ['https://www.zdnet.com/article/adobe-admits-2-9m-customer-accounts-have-been-compromised/']]"
216,US Medicaid,2012,780000.0,"['government', 'healthcare']",['hacked'],[['http://www.idtheftcenter.org/artman2/publish/lib_survey/ITRC_2008_Breach_List.shtml']]
217,Medical Informatics Engineering,2015,3900000.0,['healthcare'],['hacked'],[['http://www.healthcareitnews.com/news/hackers-hit-business-associate-swipe-phi-social-security-numbers']]
218,Memorial Healthcare System,2011,102153.0,['healthcare'],"['lost', 'stolen media']","[['https://web.archive.org/web/20121012115340/https://www.mhs.net/pdf/release071112.pdf', 'http://www.mhs.net/pdf/release071112.pdf'], ['https://www.hhs.gov/hipaa/for-professionals/breach-notification/index.html']]"
219,MGM Resorts,2019,10600000.0,"['hotel', 'casino']",['hacked'],[['https://www.bbc.com/news/technology-51568885']]
220,Michaels,2014,3000000.0,['retail'],['hacked'],[['https://www.washingtonpost.com/business/economy/michaels-says-nearly-3-million-customers-hit-by-data-breach/2014/04/18/3074e432-c6fc-11e3-8b9a-8e0977a24aeb_story.html']]
221,Microsoft,2019,250000000.0,['tech'],['data exposed by misconfiguration'],[['https://www.engadget.com/2020/01/22/microsoft-database-exposure/']]
223,Militarysingles.com,2012,163792.0,"['web', 'military']",['accidentally published'],[['http://www.pcworld.com/article/252647/reborn_lulzsec_claims_hack_of_dating_site_for_military_personnel.html']]
224,Ministry of Education (Chile),2008,6000000.0,['government'],['accidentally published'],"[['http://news.bbc.co.uk/2/hi/americas/7395295.stm'], ['http://www.geek.com/articles/news/government-servers-in-chile-hacked-6-million-personal-records-made-public-20080514/']]"
225,Ministry of Health (Singapore),2019,14200.0,['healthcare'],"['poor security', 'inside job']","[['https://www.todayonline.com/singapore/hiv-data-leak-timeline-events'], ['https://www.cnn.com/2019/01/28/health/hiv-status-data-leak-singapore-intl/index.html']]"
226,Mitsubishi Tokyo UFJ Bank,2006,960000.0,['financial'],['intentionally lost'],[['https://ja.wikipedia.org/wiki/%E5%80%8B%E4%BA%BA%E6%83%85%E5%A0%B1%E6%BC%8F%E6%B4%A9#主な個人情報漏洩事件#2019年']]
227,MongoDB,2019,202000000.0,['tech'],['poor security'],[['https://hacken.io/research/industry-news-and-insights/no-more-privacy-202-million-private-resumes-exposed/']]
228,MongoDB,2019,275000000.0,['tech'],['poor security'],[['https://www.bleepingcomputer.com/news/security/over-275-million-records-exposed-by-unsecured-mongodb-database/']]
230,Mobile TeleSystems (MTS),2019,100000000.0,['telecommunications'],"['misconfiguration', 'poor security']",[['https://www.upguard.com/breaches/mts-nokia-telecom-inventory-data-exposure']]
231,Monster.com,2007,1600000.0,['web'],['hacked'],[['http://news.bbc.co.uk/1/hi/6956349.stm']]
232,Morgan Stanley Smith Barney,2011,34000.0,['financial'],"['lost', 'stolen media']",[['http://www.idtheftcenter.org/artman2/publish/lib_survey/ITRC_2008_Breach_List.shtml']]
233,Morinaga Confectionery,2022,1648922.0,['online shopping'],['ransomware hacked'],[['https://www.databreaches.net/network-cavity-blamed-for-data-breach-at-japanese-candy-maker-morinaga/']]
234,Mozilla,2014,76000.0,['web'],['poor security'],[['https://www.theguardian.com/technology/2014/aug/05/mozilla-leak-developer-email-addresses-passwords-firefox']]
235,MyHeritage,2018,92283889.0,['genealogy'],['unknown'],[['https://www.bleepingcomputer.com/news/security/myheritage-genealogy-site-announces-mega-breach-affecting-92-million-accounts/']]
238,"NEC Networks, LLC",2021,1600000.0,['healthcare'],['hacked'],[['https://www.law.com/therecorder/2021/09/13/a-trio-of-law-firms-step-in-for-rite-aid-health-care-companies-in-proposed-data-breach-class-action/?slreturn=20211021101814']]
239,Neiman Marcus,2014,1100000.0,['retail'],['hacked'],"[['https://www.nytimes.com/2014/01/24/business/neiman-marcus-breach-affected-1-1-million-cards.html'], ['http://krebsonsecurity.com/2014/08/stealthy-razor-thin-atm-insert-skimmers/']]"
240,Nemours Foundation,2011,1055489.0,['healthcare'],"['lost', 'stolen media']","[['https://www.hhs.gov/hipaa/for-professionals/breach-notification/index.html'], ['https://web.archive.org/web/20121107153025/http://zerosecurity.org/technews/past-three-years-over-21m-medical-record-breaches/', 'http://zerosecurity.org/technews/past-three-years-over-21m-medical-record-breaches/']]"
241,Network Solutions,2009,573000.0,['tech'],['hacked'],"[['http://www.computerworld.com/s/article/9175783/Network_Solutions_sites_hacked_again'], ['http://voices.washingtonpost.com/securityfix/2009/07/network_solutions_hack_comprom.html']]"
242,New York City Health & Hospitals Corp.,2010,1700000.0,['healthcare'],"['lost', 'stolen media']",[['https://www.hhs.gov/hipaa/for-professionals/breach-notification/index.html']]
243,New York State Electric & Gas,2012,1800000.0,['energy'],['inside job'],[['http://www.idtheftcenter.org/artman2/publish/lib_survey/ITRC_2008_Breach_List.shtml']]
244,New York Taxis,2014,52000.0,['transport'],['poor security'],[['https://medium.com/@vijayp/f6bc289679a1']]
245,Nexon Korea Corp,2011,13200000.0,['web'],['hacked'],"[['https://www.reuters.com/article/us-korea-hacking-nexon-idUSTRE7AP09H20111126', 'https://web.archive.org/web/20141226052435/http://www.reuters.com/article/2011/11/26/us-korea-hacking-nexon-idUSTRE7AP09H20111126']]"
246,NHS,2011,8300000.0,['healthcare'],"['lost', 'stolen media']",[['http://www.techweekeurope.co.uk/news/nhs-researchers-lose-laptop-with-8m-patients-records-31810']]
247,Nintendo (Club Nintendo),2013,240000.0,['gaming'],['hacked'],"[['https://web.archive.org/web/20130708184713/http://www.joystiq.com/2013/07/05/club-nintendo-japan-hacked/', 'http://www.joystiq.com/2013/07/05/club-nintendo-japan-hacked/']]"
248,Nintendo (Nintendo Account),2020,160000.0,['gaming'],['hacked'],[['https://www.eurogamer.net/articles/2020-04-24-nintendo-confirms-160-000-accounts-accessed-in-huge-privacy-breach']]
249,Nippon Television,2016,430000.0,['media'],['hacked'],[['https://ja.wikipedia.org/wiki/%E5%80%8B%E4%BA%BA%E6%83%85%E5%A0%B1%E6%BC%8F%E6%B4%A9#主な個人情報漏洩事件#2016年']]
250,Nival Networks,2016,1500000.0,['gaming'],['hacked'],[['http://www.news.com.au/technology/online/hacking/teen-cyber-anakin-hacker-wants-revenge-on-russia-after-the-mh17-crash/news-story/bb2eecdc37c54f2b5b3800dd26ef4caf']]
251,Norwegian Tax Administration,2008,3950000.0,['government'],['accidentally published'],[['http://infowatch.com/node/1289']]
252,Now:Pensions,2020,30000.0,['financial'],['rogue contractor'],[['https://www.theguardian.com/technology/2020/dec/23/data-breach-hits-30000-signed-up-to-workplace-pensions-provider']]
253,NTT Business Solutions,2023,9000000.0,['telecoms'],['hacked'],[[]]
254,NTT Docomo,2023,5960000.0,['telecoms'],['hacked'],[[]]
256,US Office of Personnel Management,2015,21500000.0,['government'],['hacked'],"[['https://www.nytimes.com/2015/07/10/us/office-of-personnel-management-hackers-got-data-of-millions.html'], ['https://www.theguardian.com/technology/2015/sep/23/us-government-hack-stole-fingerprints'], ['https://www.washingtonpost.com/news/federal-eye/wp/2015/07/09/hack-of-security-clearance-system-affected-21-5-million-people-federal-authorities-say/']]"
257,Office of the Texas Attorney General,2012,6500000.0,['government'],['accidentally published'],[['http://www.rawstory.com/rs/2012/04/26/texas-attorney-general-exposes-millions-of-voters-social-security-numbers/']]
258,OGUsers,2022,529000.0,['web'],['hacked'],[['https://haveibeenpwned.com/PwnedWebsites']]
259,Optus,2022,9800000.0,['telecommunications'],['hacked'],[['https://www.experian.com/assets/data-breach/white-papers/2015-industry-forecast-experian.pdf']]
260,Orbitz,2018,880000.0,['web'],['hacked'],[['https://www.strategicrevenue.com/orbitz-amextravel-victims-of-latest-data-breach-effecting-880000-customers-information/']]
261,Ohio State University,2010,760000.0,['academic'],['hacked'],[['http://www.idtheftcenter.org/artman2/publish/lib_survey/ITRC_2008_Breach_List.shtml']]
265,Patreon,2015,2300000.0,['web'],['hacked'],[['https://www.newsweek.com/hackers-patreon-data-breach-patreon-dump-patreon-breach-379512']]
266,PayPay,2020,20076016.0,['qr code payment'],"['improper setting', 'hacked']",[['https://ja.wikipedia.org/wiki/%E5%80%8B%E4%BA%BA%E6%83%85%E5%A0%B1%E6%BC%8F%E6%B4%A9#主な個人情報漏洩事件#2020年']]
268,"Philippine law enforcement agencies (Philippine National Police, National Bureau of Investigation, Bureau of Internal Revenue)",2023,1279437.0,['government'],['poor security'],[['https://newsinfo.inquirer.net/1758456/over-1-million-records-from-nbi-pnp-other-agencies-leaked-in-huge-data-breach']]
269,Popsugar,2018,123857.0,['fashion'],['hacked'],[['https://oag.ca.gov/system/files/POPSUGAR%20Notice%20of%20Data%20Breach_0.pdf']]
270,Premera,2015,11000000.0,['healthcare'],['hacked'],[['http://premeraupdate.com/']]
271,Puerto Rico Department of Health,2010,515000.0,['healthcare'],['hacked'],[['https://www.hhs.gov/hipaa/for-professionals/breach-notification/index.html']]
272,Quest Diagnostics,2019,11900000.0,['clinical laboratory'],['poor security'],[['https://www.publishedreporter.com/2019/06/05/nearly-12-million-quest-diagnostics-patients-medical-info-exposed-in-new-data-breach/']]
273,Quora,2018,100000000.0,['question & answer'],['hacked'],"[['https://timesofindia.indiatimes.com/business/international-business/quora-says-100-million-users-hit-by-security-breach/articleshow/66930356.cms'], ['https://www.telegraph.co.uk/technology/2018/12/04/passwords-100-million-quora-users-stolen-data-breach/', 'https://ghostarchive.org/archive/20220112/https://www.telegraph.co.uk/technology/2018/12/04/passwords-100-million-quora-users-stolen-data-breach/']]"
274,Rakuten,2020,1381735.0,['web'],"['improper setting', 'hacked']",[['https://ja.wikipedia.org/wiki/%E5%80%8B%E4%BA%BA%E6%83%85%E5%A0%B1%E6%BC%8F%E6%B4%A9#主な個人情報漏洩事件#2020年']]
275,Rambler.ru,2012,98167935.0,['web'],['hacked'],"[['https://arstechnica.com/security/2016/09/98-million-passwords-from-2012-breach-of-russias-yahoo-rambler-ru-leaked/'], ['https://web.archive.org/web/20160909124042/https://www.leakedsource.com/blog/rambler', 'https://www.leakedsource.com/blog/rambler']]"
276,RBS Worldpay,2008,1500000.0,['financial'],['hacked'],[['https://www.theregister.co.uk/2008/12/29/rbs_worldpay_breach/']]
277,RENAPER (Argentina),2018,45000000.0,['government'],['poor security'],"[['https://therecord.media/hacker-steals-government-id-database-for-argentinas-entire-population'], ['https://www.hackread.com/hacker-steals-govt-database-entire-argentine-population/']]"
280,Restaurant Depot,2011,200000.0,['retail'],['hacked'],[['http://www.idtheftcenter.org/artman2/publish/lib_survey/ITRC_2008_Breach_List.shtml']]
281,RockYou!,2009,32000000.0,"['web', 'gaming']",['hacked'],[['https://techcrunch.com/2009/12/14/rockyou-hack-security-myspace-facebook-passwords/']]
284,"Sakai City, Japan",2015,680000.0,['government'],['inside job'],[['https://ja.wikipedia.org/wiki/%E5%80%8B%E4%BA%BA%E6%83%85%E5%A0%B1%E6%BC%8F%E6%B4%A9#主な個人情報漏洩事件#2015年']]
286,San Francisco Public Utilities Commission,2011,180000.0,['government'],['hacked'],[['http://news.cnet.com/68386-245/sf-utilities-agency-warns-of-potential-breach/']]
287,Scottrade,2015,4600000.0,['financial'],['hacked'],[['http://fortune.com/2015/10/02/scottrade-data-breach/']]
288,Scribd,2013,500000.0,['web'],['hacked'],"[['https://nakedsecurity.sophos.com/2013/04/05/scribd-worlds-largest-online-library-admits-to-network-intrusion-password-breach/'], ['https://web.archive.org/web/20140204190425/http://www.nbcnews.com/technology/scribd-hack-exposes-thousands-users-1B9239618', 'https://www.nbcnews.com/technology/scribd-hack-exposes-thousands-users-1B9239618']]"
289,"Seacoast Radiology, PA",2010,231400.0,['healthcare'],['hacked'],"[['https://www.hhs.gov/hipaa/for-professionals/breach-notification/index.html'], ['http://www.fosters.com/apps/pbcs.dll/article?AID=/20110120/GJNEWS_01/']]"
290,Sega,2011,1290755.0,['gaming'],['hacked'],[['https://www.zdnet.com/blog/gamification/sega-1-3-million-customer-records-hacked-lulzsec-promises-retribution/481']]
291,Service NSW (New South Wales),2020,104000.0,['government'],['hacked'],"[['https://thecitizenng.com/analysis-data-breaches-compromised-4-5bn-records-in-half-year-2018-gemalto/', 'https://thecitizenng.com']]"
292,Service Personnel and Veterans Agency (UK),2008,50500.0,['government'],"['lost', 'stolen media']",[['http://news.bbc.co.uk/1/hi/england/gloucestershire/7639006.stm']]
294,SingHealth,2018,1500000.0,"['government', 'database']",['hacked'],"[['https://www.todayonline.com/singapore/hackers-stole-medical-data-pm-lee-and-15-million-patients-major-cyber-attack-singhealth'], ['https://web.archive.org/web/20180726060044/https://www.channelnewsasia.com/news/singapore/singhealth-health-system-hit-serious-cyberattack-pm-lee-target-10548318', 'https://www.channelnewsasia.com/news/singapore/singhealth-health-system-hit-serious-cyberattack-pm-lee-target-10548318'], ['https://www.straitstimes.com/singapore/personal-info-of-15m-singhealth-patients-including-pm-lee-stolen-in-singapores-most']]"
295,Slack,2015,500000.0,['tech'],['poor security'],[['https://nakedsecurity.sophos.com/2015/03/30/slack-gets-hacked-rolls-out-two-factor-authentication-after-user-database-breach/']]
296,SlickWraps,2020,377428.0,['phone accessories'],['poor security'],[['https://medium.com/@lynx0x00/i-hacked-slickwraps-this-is-how-8b0806358fbb']]
297,Snapchat,2013,4700000.0,"['web', 'tech']",['hacked'],[['https://www.washingtonpost.com/news/the-switch/wp/2014/01/01/a-snapchat-security-breach-affects-4-6-million-users-did-snapchat-drag-its-feet-on-a-fix/']]
299,Sony Online Entertainment,2011,24600000.0,['gaming'],['hacked'],"[['http://www.computerworld.com/s/article/9216343/Sony_cuts_off_Sony_Online_Entertainment_service_after_hack'], ['https://money.cnn.com/2011/05/10/technology/sony_hack_fallout/']]"
300,Sony Pictures,2011,1000000.0,['web'],['hacked'],[['http://mashable.com/2011/06/02/sony-pictures-hacked/']]
302,Sony PlayStation Network,2011,77000000.0,['gaming'],['hacked'],[['http://mashable.com/2011/05/31/sony-playstation-services-return/']]
303,South Africa police,2013,16000.0,['government'],['hacked'],[['https://www.wired.co.uk/news/archive/2013-05/22/south-africa-whistleblower-leak']]
304,South Carolina Government,2012,6400000.0,['healthcare'],['inside job'],"[['https://www.hhs.gov/hipaa/for-professionals/breach-notification/index.html'], ['https://web.archive.org/web/20131003225538/http://www.thestate.com/2012/04/20/2241321/personal-information-of-more-than.html#.UFpUVqRYtmg', 'http://www.thestate.com/2012/04/20/2241321/personal-information-of-more-than.html#.UFpUVqRYtmg'], ['https://web.archive.org/web/20140823234354/http://governor.sc.gov/Documents/MANDIANT%20Public%20IR%20Report%20-%20Department%20of%20Revenue%20-%2011%2020%202012.pdf', 'http://governor.sc.gov/Documents/MANDIANT%20Public%20IR%20Report%20-%20Department%20of%20Revenue%20-%2011%2020%202012.pdf'], ['https://web.archive.org/web/20160908171301/http://www.postandcourier.com/article/20121103/PC16/121109713', 'http://www.postandcourier.com/article/20121103/PC16/121109713']]"
305,"South Shore Hospital, Massachusetts",2010,800000.0,['healthcare'],"['lost', 'stolen media']",[['http://www.idtheftcenter.org/artman2/publish/lib_survey/ITRC_2008_Breach_List.shtml']]
306,Southern California Medical-Legal Consultants,2011,300000.0,['healthcare'],['hacked'],[['http://www.idtheftcenter.org/artman2/publish/lib_survey/ITRC_2008_Breach_List.shtml']]
307,Spartanburg Regional Healthcare System,2011,400000.0,['healthcare'],"['lost', 'stolen computer']","[['https://www.hhs.gov/hipaa/for-professionals/breach-notification/index.html'], ['https://web.archive.org/web/20130425225615/http://www.spartanburgregional.com/Pages/PatientNotice.aspx', 'http://www.spartanburgregional.com/Pages/PatientNotice.aspx']]"
308,Spoutible,2024,207114.0,['social media'],['misconfigured api'],[['https://www.troyhunt.com/how-spoutibles-leaky-api-spurted-out-a-deluge-of-personal-data/']]
309,Stanford University,2008,72000.0,['academic'],"['lost', 'stolen computer']","[['http://www.idtheftcenter.org/artman2/publish/lib_survey/ITRC_2008_Breach_List.shtml'], ['http://www.sfgate.com/bayarea/article/Stanford-employees-data-on-stolen-laptop-3281185.php']]"
311,Starbucks,2008,97000.0,['retail'],"['lost', 'stolen computer']",[['http://www.idtheftcenter.org/artman2/publish/lib_survey/ITRC_2008_Breach_List.shtml']]
313,State of Texas,2011,3500000.0,['government'],['accidentally published'],[['http://www.informationweek.com/security/attacks/texas-data-breach-exposed-35-million-rec/?queryText=Texas%20data%20leak']]
314,Steam,2011,35000000.0,['web'],['hacked'],[['https://www.bbc.co.uk/news/technology-15690187']]
315,StockX,2019,6800000.0,['retail'],['hacked'],[['https://www.engadget.com/2019/08/03/stockx-hacked']]
316,Stratfor,2011,935000.0,['military'],['accidentally published'],[['http://bits.blogs.nytimes.com/2011/12/27/questions-about-motives-behind-stratfor-hack/']]
318,Sutter Medical Center,2011,4243434.0,['healthcare'],"['lost', 'stolen computer']","[['https://www.hhs.gov/hipaa/for-professionals/breach-notification/index.html'], ['http://www.simplysecurity.com/2011/11/30/sutter-health-sued-for-1-billion-following-data-breach/']]"
319,Syrian government (Syria Files),2012,2434899.0,['government'],['hacked'],"[['https://www.bbc.co.uk/news/world-middle-east-18724328', 'https://www.webcitation.org/692uV9c2N?url=http://www.bbc.co.uk/news/world-middle-east-18724328'], ['https://www.forbes.com/sites/andygreenberg/2012/07/05/wikileaks-announces-its-largest-release-yet-in-the-syria-files-2-4-million-emails-from-syrian-officials-and-companies/', 'https://web.archive.org/web/20120710135536/http://www.forbes.com/sites/andygreenberg/2012/07/05/wikileaks-announces-its-largest-release-yet-in-the-syria-files-2-4-million-emails-from-syrian-officials-and-companies/']]"
320,Taobao,2016,20000000.0,['retail'],['hacked'],[['https://nakedsecurity.sophos.com/2016/02/05/data-breach-in-china-100-million-records-used-to-hack-20-million-taobao-users/']]
322,Tangerine Telecom,2024,243462.0,['telecom'],['compromised credentials'],[['https://www.bitdefender.com/blog/hotforsecurity/data-breach-at-australian-telco-exposes-personal-info-of-over-230-000-customers/']]
323,Taringa!,2017,28722877.0,['web'],['hacked'],[['https://thehackernews.com/2017/09/taringa-data-breach-hacking.html']]
324,Target Corporation,2013,110000000.0,['retail'],['hacked'],"[['https://web.archive.org/web/20131225012435/http://www.chicagotribune.com/news/sns-rt-us-target-breach-20131218,0,3434295.story', 'https://www.chicagotribune.com/news/sns-rt-us-target-breach-20131218,0,3434295.story'], ['https://www.huffingtonpost.com/2013/12/19/target-hacked-customer-credit-card-data-accessed_n_4471672.html'], ['https://web.archive.org/web/20211124120538/https://corporate.target.com/press/releases/2013/12/target-confirms-unauthorized-access-to-payment-car', 'https://corporate.target.com/press/releases/2013/12/target-confirms-unauthorized-access-to-payment-car']]"
325,TaxSlayer.com,2016,8800.0,['web'],['hacked'],"[['http://www.marketwatch.com/story/tax-software-firm-warns-of-data-breach-2016-02-04'], ['https://www.ftc.gov/news-events/press-releases/2017/08/operator-online-tax-preparation-service-agrees-settle-ftc-charges'], ['https://www.consumer.ftc.gov/blog/2017/08/taxslayer-file-one-under-authentication']]"
326,TD Ameritrade,2007,6300000.0,['financial'],['hacked'],[['https://www.wired.com/threatlevel/2008/07/ameritrade-hack/']]
327,TD Bank,2012,260000.0,['financial'],['hacked'],"[['http://legalnewsline.com/stories/td-bank-reaches-data-breach-settlement-with-massachusetts'], ['http://www.americanbanker.com/news/bank-technology/td-bank-pays-625000-in-mass-data-breach-settlement-1071592-1.html']]"
328,TerraCom & YourTel,2013,170000.0,['telecoms'],['accidentally published'],"[['https://boingboing.net/2013/05/23/terracom-and-yourtel-threaten.html'], ['https://www.wired.co.uk/news/archive/2013-05/23/reporter-google-breach-hacker']]"
329,Tesla,2023,75000.0,['transport'],['inside job'],[['https://www.theverge.com/2023/8/21/23839940/tesla-data-leak-inside-job-handelsblatt']]
330,Tetrad,2020,120000000.0,['market analysis'],['poor security'],[['https://news.bloomberglaw.com/tech-and-telecom-law/retail-customer-data-exposure-spotlights-cloud-security-risk']]
331,Texas Lottery,2007,89000.0,['government'],['inside job'],[['http://www.idtheftcenter.org/artman2/publish/lib_survey/ITRC_2008_Breach_List.shtml']]
332,Ticketfly (subsidiary of Eventbrite),2018,26151608.0,['ticket distribution'],['hacked'],[['https://motherboard.vice.com/en_us/article/j5kd4b/ticketfly-hack-breach-26-million-users-emails-home-addresses']]
334,Tianya Club,2011,28000000.0,['web'],['hacked'],"[['http://www.scmagazine.com.au/News/349585,28-million-clear-text-passwords-found-after-tianya65279-hack.aspx']]"
335,TikTok,2020,42000000.0,['social media'],['poor security'],[['https://www.forbes.com/sites/daveywinder/2020/08/19/massive-data-leak235-million-instagram-tiktok-and-youtube-user-profiles-exposed/']]
336,TK / TJ Maxx,2007,94000000.0,['retail'],['hacked'],"[['https://www.zdnet.com/wi-fi-hack-caused-tk-maxx-security-breach/'], ['https://www.nbcnews.com/id/17871485']]"
337,"T-Mobile, Deutsche Telekom",2006,17000000.0,['telecoms'],"['lost', 'stolen media']","[['https://wayback.archive-it.org/all/20150919100714/http://datalossdb.org/', 'http://datalossdb.org/'], ['http://www.informationweek.com/security/attacks/t-mobile-lost-17-million-subscribers-per/']]"
338,T-Mobile,2021,45000000.0,['telecom'],['hacked'],[['https://www.theverge.com/2021/8/18/22630446/t-mobile-47-million-data-breach-ssn-pin-pii']]
339,T-Mobile,2023,37000000.0,['telecom'],['hacked'],[['https://techcrunch.com/2023/01/19/t-mobile-data-breach/']]
340,Tokopedia,2020,91000000.0,['online shopping'],['hacked'],[['https://www.thejakartapost.com/news/2020/05/04/tokopedia-data-breach-exposes-vulnerability-of-personal-data.html']]
341,Trello,2024,15111945.0,['tech'],['misconfigured api'],[['https://www.bleepingcomputer.com/news/security/trello-api-abused-to-link-email-addresses-to-15-million-accounts/']]
342,Tricare,2011,4901432.0,"['military', 'healthcare']","['lost', 'stolen computer']",[['http://www.idtheftcenter.org/artman2/publish/lib_survey/ITRC_2008_Breach_List.shtml']]
343,"Triple-S Salud, Inc.",2010,398000.0,['healthcare'],"['lost', 'stolen media']",[['https://www.hhs.gov/hipaa/for-professionals/breach-notification/index.html']]
344,Truecaller,2019,299055000.0,['telephone directory'],['unknown'],"[['https://www.analyticsindiamag.com/data-breach-truecaller-exposes-indian-users-data-shows-cracks-in-cyber-security-infrastructure/'], ['https://economictimes.indiatimes.com/tech/internet/real-threat-truecaller-data-available-for-sale/articleshow/69437379.cms']]"
346,Tumblr,2013,65469298.0,['web'],['hacked'],[['https://motherboard.vice.com/en_us/article/hackers-stole-68-million-passwords-from-tumblr-new-analysis-reveals']]
349,Twitter,2013,250000.0,['web'],['hacked'],"[['https://web.archive.org/web/20130204085709/https://www.wired.co.uk/news/archive/2013-02/02/twitter-hacked', 'https://www.wired.co.uk/news/archive/2013-02/02/twitter-hacked']]"
351,Uber,2014,50000.0,['tech'],['poor security'],[['https://www.forbes.com/sites/davelewis/2015/02/28/uber-suffers-data-breach-affecting-50000/']]
352,Uber,2017,57000000.0,['transport'],['hacked'],[['https://www.uber.com/newsroom/2016-data-incident']]
354,Ubuntu,2013,2000000.0,['tech'],['hacked'],[['https://arstechnica.com/security/2013/07/hack-exposes-e-mail-addresses-password-data-for-2-million-ubuntu-forum-users/']]
355,"UCLA Medical Center, Santa Monica",2015,4500000.0,['healthcare'],['hacked'],[['http://www.healthcareitnews.com/news/hackers-swipe-data-45m-ucla-health-system-massive-cyberattack']]
356,UK Home Office,2008,84000.0,['government'],"['lost', 'stolen media']",[['http://news.bbc.co.uk/2/hi/uk_news/politics/7845024.stm']]
357,UK Ministry of Defence,2008,1700000.0,['government'],"['lost', 'stolen media']",[['http://news.bbc.co.uk/1/hi/uk_politics/7667507.stm']]
359,UK Revenue & Customs,2007,25000000.0,['government'],"['lost', 'stolen media']",[['http://news.bbc.co.uk/2/hi/uk_news/7103911.stm']]
360,MyFitnessPal (Under Armour subsidiary,2018,150000000.0,['consumer goods'],['hacked'],"[['https://www.bbc.com/news/technology-43592470'], ['https://web.archive.org/web/20180331040524/http://www.javarosa.org/2018/03/myfitness-pal-data-breach-march-15-2018.html', 'http://www.javarosa.org/2018/03/myfitness-pal-data-breach-march-15-2018.html']]"
363,"University of California, Berkeley",2009,160000.0,['academic'],['hacked'],[['https://www.nbcnews.com/id/30645920']]
364,"University of California, Berkeley",2016,80000.0,['academic'],['hacked'],[['http://www.foxnews.com/tech/2016/02/28/data-breach-affects-80000-uc-berkeley-faculty-students-and-alumni.html']]
365,"University of Maryland, College Park",2014,300000.0,['academic'],['hacked'],[['https://www.washingtonpost.com/local/college-park-shady-grove-campuses-affected-by-university-of-maryland-security-breach/2014/02/19/ce438108-99bd-11e3-80ac-63a8ba7f7942_story.html']]
366,University of Central Florida,2016,63000.0,['academic'],['hacked'],[['http://www.washingtontimes.com/news/2016/feb/5/63k-social-security-numbers-compromised-in-ucf-dat/']]
367,University of Miami,2008,2100000.0,['academic'],"['lost', 'stolen computer']",[['http://www.idtheftcenter.org/artman2/publish/lib_survey/ITRC_2008_Breach_List.shtml']]
368,University of Utah Hospital & Clinics,2008,2200000.0,['academic'],"['lost', 'stolen media']",[['http://www.idtheftcenter.org/artman2/publish/lib_survey/ITRC_2008_Breach_List.shtml']]
369,University of Wisconsin–Milwaukee,2011,73000.0,['academic'],['hacked'],[['http://www.idtheftcenter.org/artman2/publish/lib_survey/ITRC_2008_Breach_List.shtml']]
370,Universiti Teknologi MARA,2019,1164540.0,['academic'],['hacked'],[['https://www.lowyat.net/2019/177033/over-1-million-uitm-students-and-alumni-personal-details-leaked-online']]
371,United States Postal Service,2018,60000000.0,['government'],['poor security'],[['https://krebsonsecurity.com/2018/11/usps-site-exposed-data-on-60-million-users/']]
373,U.S. Army,2011,50000.0,['military'],['accidentally published'],[['http://www.idtheftcenter.org/artman2/publish/lib_survey/ITRC_2008_Breach_List.shtml']]
374,U.S. Army(classified Iraq War documents),2010,392000.0,['government'],['inside job'],[['https://www.forbes.com/sites/andygreenberg/2010/10/22/wikileaks-reveals-the-biggest-classified-data-breach-in-history/']]
375,U.S. Department of Defense,2009,72000.0,['military'],"['lost', 'stolen media']",[['http://www.idtheftcenter.org/artman2/publish/lib_survey/ITRC_2008_Breach_List.shtml']]
376,U.S. Department of Veteran Affairs,2006,28600000.0,"['government', 'military']","['lost', 'stolen computer']","[['http://gcn.com/Articles/2009/02/02/VA-data-breach-suit-settlement.aspx'], ['https://web.archive.org/web/20100401045947/http://www.networkworld.com/news/2006/060606-active-duty-troop-information-part-of.html?nwwpkg=slideshows', 'http://www.networkworld.com/news/2006/060606-active-duty-troop-information-part-of.html?nwwpkg=slideshows']]"
379,U.S. law enforcement (70 different agencies),2011,123461.0,['government'],['accidentally published'],"[['https://www.pcmag.com/article2/0,2817,2390683,00.asp']]"
380,National Archives and Records Administration (U.S. military veterans records),2009,76000000.0,['military'],"['lost', 'stolen media']",[['https://www.wired.com/threatlevel/2009/10/probe-targets-archives-handling-of-data-on-70-million-vets/']]
381,U.S. government (United States diplomatic cables leak),2010,260000.0,['military'],['inside job'],[['https://www.theguardian.com/news/datablog/2010/nov/29/wikileaks-cables-data']]
382,National Guard of the United States,2009,131000.0,['military'],"['lost', 'stolen computer']",[['http://www.idtheftcenter.org/artman2/publish/lib_survey/ITRC_2008_Breach_List.shtml']]
383,Vastaamo,2020,130000.0,['healthcare'],['hacked'],[['https://yle.fi/uutiset/osasto/news/psychotherapy_centres_database_hacked_patient_info_held_ransom/11605460']]
384,Verifications.io (first leak),2019,809000000.0,['online marketing'],['poor security'],"[['https://www.wired.com/story/email-marketing-company-809-million-records-exposed-online/', 'https://www.worldcat.org/issn/1059-1028']]"
385,Verifications.io (total leaks),2019,2000000000.0,['online marketing'],['poor security'],[['https://www.hackread.com/verifications-io-breach-database-with-2-billion-records-leaked/']]
386,Verizon Communications,2016,1500000.0,['telecoms'],['hacked'],[['http://fortune.com/2016/03/24/verizon-enterprise-data-breach/']]
387,View Media,2020,38000000.0,['online marketing'],['publicly accessible amazon web services (aws) server'],[['https://cybernews.com/security/online-marketing-company-exposes-data-of-millions-americans/']]
388,Virgin Media,2020,900000.0,['mobile carrier'],['accidentally exposed'],"[['https://www.techradar.com/news/virgin-media-data-breach-exposes-nearly-one-million-customer-details'], ['https://www.theregister.co.uk/2020/03/05/virgin_media_subscriber_data_leak/']]"
389,Virginia Department of Health,2009,8257378.0,"['government', 'healthcare']",['hacked'],[['http://www.idtheftcenter.org/artman2/publish/lib_survey/ITRC_2008_Breach_List.shtml']]
390,Virginia Prescription Monitoring Program,2009,531400.0,['healthcare'],['hacked'],[['http://www.idtheftcenter.org/artman2/publish/lib_survey/ITRC_2008_Breach_List.shtml']]
391,Vodafone,2013,2000000.0,['telecoms'],['inside job'],[['http://www.securityweek.com/attacker-steals-data-2-million-vodafone-germany-customers']]
392,VTech,2015,5000000.0,['retail'],['hacked'],[['https://www.nytimes.com/2015/12/01/business/security-breach-at-toy-maker-vtech-includes-data-on-children.html']]
393,Walmart,2015,1300000.0,['retail'],['hacked'],[['https://www.nytimes.com/2015/07/18/business/cvs-and-walmart-canada-are-investigating-a-data-breach.html']]
394,Washington Post,2011,1270000.0,['media'],['hacked'],"[['https://www.pcmag.com/article2/0,2817,2388200,00.asp']]"
395,Washington State court system,2013,160000.0,['government'],['hacked'],"[['https://www.reuters.com/article/us-usa-hack-washingtonstate-idUSBRE9480YY20130509', 'https://web.archive.org/web/20150113200531/http://www.reuters.com/article/2013/05/09/us-usa-hack-washingtonstate-idUSBRE9480YY20130509'], ['http://www.courts.wa.gov/newsinfo/?fa=newsinfo.displayContent&theFile=dataBreach/home']]"
396,Wattpad,2020,270000000.0,['web'],['hacked'],[['https://www.bleepingcomputer.com/news/security/wattpad-data-breach-exposes-account-info-for-millions-of-users/']]
397,Wawa (company),2020,30000000.0,['retail'],['hacked'],[['https://www.digitaltrends.com/news/convenience-store-data-breach-info-found-being-sold-on-dark-web/']]
398,Weebly,2016,43430316.0,['web'],['hacked'],"[['http://www.ibtimes.co.uk/weebly-confirms-hack-affecting-over-40-million-users-foursquare-accounts-also-exposed-1587546'], ['https://techcrunch.com/2016/10/20/weebly-hacked-43-million-credentials-stolen/']]"
400,Westpac,2019,98000.0,['financial'],['hacked'],[['https://finance.nine.com.au/business-news/westpac-data-breach-100000-australian-customers-at-risk/84c91581-90b6-464e-9137-a2d973492614']]
403,Writerspace.com,2011,62000.0,['web'],['hacked'],"[['https://www.pcmag.com/article2/0,2817,2387186,00.asp']]"
404,Xat.com,2015,6054459.0,['web'],['social engineering'],[['https://xat.com/databreach.html']]
405,Yahoo,2013,3000000000.0,['web'],['hacked'],"[['https://www.nytimes.com/2017/10/03/technology/yahoo-hack-3-billion-users.html'], ['https://www.nytimes.com/2017/10/03/technology/yahoo-hack-3-billion-users.html']]"
406,Yahoo,2014,500000000.0,['web'],['hacked'],"[['https://www.washingtonpost.com/news/the-switch/wp/2016/09/22/report-yahoo-to-confirm-data-breach-affecting-hundreds-of-millions-of-accounts/?hpid=hp_hp-top-table-main_yahoo-switch-330pm%3Ahomepage%2Fstory'], ['https://www.usatoday.com/story/tech/news/2016/09/22/yahoo-breach-500-million-what-to-do/90849498/'], ['https://www.cnet.com/news/yahoo-500-million-accounts-hacked-data-breach/'], ['https://www.nytimes.com/2016/09/23/technology/yahoo-hackers.html'], ['https://www.bloomberg.com/news/articles/2016-09-22/yahoo-says-at-least-500-million-accounts-breached-in-hack-attack']]"
408,Yahoo Japan,2013,22000000.0,"['tech', 'web']",['hacked'],[['https://www.reuters.com/article/idUSBRE94G0P620130517']]
409,Yahoo! Voices,2012,450000.0,['web'],['hacked'],"[['http://it.slashdot.org/story/12/07/12/1243217/nearly-half-a-million-yahoo-passwords-leaked-updated'], ['https://www.pcmag.com/article2/0,2817,2407015,00.asp']]"
410,Yale University,2010,43000.0,['academic'],['accidentally published'],[['http://www.idtheftcenter.org/artman2/publish/lib_survey/ITRC_2008_Breach_List.shtml']]
411,YouTube,2020,4000000.0,['social media'],['poor security'],[['https://www.forbes.com/sites/daveywinder/2020/08/19/massive-data-leak235-million-instagram-tiktok-and-youtube-user-profiles-exposed/']]
412,Zappos,2012,24000000.0,['web'],['hacked'],[['https://www.forbes.com/sites/andygreenberg/2012/01/15/zappos-says-hackers-accessed-24-million-customers-account-details/']]
413,Zynga,2019,173000000.0,['social network'],['hacked'],"[['https://venturebeat.com/2019/09/30/words-with-friends-player-data-allegedly-stolen-for-218-million-users/'], ['https://www.theverge.com/2019/12/19/21029682/zynga-hack-words-with-friends-draw-something-password-data-breach']]"
414,Unknown agency(believed to be tied to United States Census Bureau),2020,200000000.0,['financial'],['accidentally published'],[['https://www.techradar.com/news/major-data-breach-exposes-database-of-200-million-users']]
415,National Health Information Center (NCZI) of Slovakia,2020,391250.0,['healthcare'],['poor security'],[['https://spectator.sme.sk/c/22490407/coronavirus-app-reveals-personal-data-it-security-firm-found.html']]
416,50 companies and government institutions,2022,6400000.0,['various'],['poor security'],"[['https://tweakers.net/nieuws/193238/hackersclub-ccc-vindt-6-komma-4-miljoen-persoonsgegevens-via-vijftigtal-datalekken.html'], ['https://www.ccc.de/de/updates/2022/web-patrouille-ccc']]"
417,IKEA,2022,95000.0,['retail'],['accidentally published'],[['https://toronto.ctvnews.ca/ikea-canada-confirms-data-breach-involving-personal-information-of-approximately-95-000-customers-1.5892457']]
418,Consumer Financial Protection Bureau,2023,256000.0,['bureau'],['poor security'],[['https://news.bloomberglaw.com/privacy-and-data-security/cfpb-confirms-consumer-records-breach-as-lawmakers-probe-agency']]
419,Directorate General of Immigration of Indonesia,2023,34900867.0,['government'],['hacked and published'],[['https://secry.me/explore/news/34-millions-passport-of-indonesian-leaked-by-bjorka/']]
420,Directorate General of Population and Civil Registration (Dukcapil),2023,337225463.0,['government'],['leaked and published'],[['https://secry.me/explore/news/337-million-indonesian-dukcapil-data-leaked-and-sold-by-hacker-rrr/']]
421,23andMe data leak,2023,6900000.0,['consumer genetics'],['credential stuffing'],[['https://www.bbc.com/news/technology-67624182']]
423,Chess.com,2023,800000.0,['game'],['web scraping'],"[['https://www.hackread.com/hacker-leaks-scraped-chess-com-user-records/'], ['https://web.archive.org/web/20240112233729/https://breachforums.is/Thread-Chess-com-Scrape-database-800k', 'https://breachforums.is/']]"
424,DC Health Link,2023,56000.0,['healthcare'],['misconfigured website'],[['https://apnews.com/article/congress-dc-data-breach-cyber-security-7505d83dfa5ddb06765e6ff4de9abfcc']]
425,KitchenPal (iCuisto),2023,100000.0,['web'],['hacking'],[['https://restoreprivacy.com/hackers-claim-attack-on-general-electric-leak-data-samples/']]
